{
  "_fv": 69,
  "_type": "overlay",
  "definition": {
    "priority": "NORMAL",
    "components": [
      {
        "type": "label",
        "data": {
          "name": "label_p",
          "text": {
            "fixedValue": "p",
            "name": "Overlay"
          },
          "color": {
            "value": -65485,
            "falpha": 0.0
          },
          "anchorPoint": "CENTER",
          "x": 258,
          "y": 188
        }
      }
    ],
    "baseTexture": "",
    "overlayTarget": "Ingame",
    "gridSettings": {
      "sx": 18,
      "sy": 18,
      "ox": 11,
      "oy": 15,
      "snapOnGrid": true
    }
  }
}