{
  "_fv": 69,
  "_type": "tool",
  "definition": {
    "toolType": "Sword",
    "renderType": 0,
    "blockingRenderType": 0,
    "texture": "minecraft:iron_sword",
    "customModelName": "Normal",
    "blockingModelName": "Normal blocking",
    "name": "Custom Zanpackto",
    "specialInformation": {
      "fixedValue": []
    },
    "creativeTabs": [],
    "efficiency": 3.0,
    "attackSpeed": 1.6,
    "enchantability": 2,
    "damageVsEntity": 10.0,
    "usageCount": 100,
    "glowCondition": {
      "fixedValue": false
    },
    "repairItems": [],
    "immuneToFire": false,
    "blockDropsTier": "WOOD",
    "blocksAffected": [],
    "stayInGridWhenCrafting": false,
    "damageOnCrafting": false
  }
}